scorer,,,Andrew,Andrew,Andrew,Andrew,Andrew,Andrew,Andrew,Andrew,Andrew,Andrew,Andrew,Andrew
bodyparts,,,Wrist,Wrist,Thumb,Thumb,Index,Index,Middle,Middle,Last,Last,Pellet,Pellet
coords,,,x,y,x,y,x,y,x,y,x,y,x,y
labeled-data,S1,img029.png,,,169.0519964545753,413.04263055057606,164.8186924357512,425.3393707957318,162.19807566219342,437.43452513522914,,,260.97516943475546,437.2329392295709
labeled-data,S1,img036.png,,,,,195.71376487665788,415.9179119764857,190.04871446172365,431.7800531383014,,,256.89630935794713,435.5567534149242
labeled-data,S1,img045.png,,,193.07007468302191,387.5926599018147,177.2079335212062,405.34315120194185,162.4788024423773,418.9392721977839,164.4284504088956,440.0540591719889,258.36748244565865,435.21599743619
labeled-data,S1,img052.png,180.75572436120177,365.48495971046316,229.47515792963577,388.5228313978622,209.458646463535,405.5179826426648,190.9528151080833,416.8480834725332,176.60135405691665,430.0665344407129,261.5771102809295,434.97624480032255
labeled-data,S1,img056.png,209.08097643587269,377.5704005956561,268.75284080651284,403.2519624766911,244.95962906378924,424.40148402577876,220.03340723807878,434.5985747726603,194.35184535704383,440.6412952152568,268.75284080651284,435.35391482798485
labeled-data,S1,img071.png,230.0774231361048,407.68193269718466,291.49102186899836,445.5632178969134,264.51495513585826,478.27887329667914,227.78158766945455,492.62784496324304,204.24927413628973,486.8882562966175,275.11979022179446,464.62408434239563
labeled-data,S1,img077.png,222.9608650459266,409.501630641587,285.81449892348786,440.6956563437841,260.2074628992963,479.3390016166551,223.42644751909376,490.512980972666,205.73431353874304,488.6506510799975,275.10610204064415,465.8371098948086
labeled-data,S1,img088.png,207.13106095824452,410.89837806108835,278.10134959976097,440.35071242908055,248.2654174144409,467.92062444842696,222.20618550574363,489.82548605283915,202.1896740396428,491.33616616348826,265.63823868690577,464.5215941994664
labeled-data,S1,img096.png,201.056663956656,419.2011908799929,275.07998937846276,442.23906256739195,244.48871713781813,483.7827656102426,218.05181520145857,503.04393702101896,,,266.015908714568,468.67596450375146
labeled-data,S1,img104.png,204.83336423327876,412.7808004097341,264.5052286039189,439.97304240141824,241.84502694418217,464.8992642271287,212.76443481418664,486.4264558038786,,,276.59066948911186,475.4740250016725
labeled-data,S1,img108.png,193.1255933757481,418.4458508246683,242.60036699950672,439.2177023460937,227.11589586535325,463.3885841164796,207.09938439925241,480.38373536128216,193.50326340341041,501.53325691036974,261.861538410283,463.01091408881723
labeled-data,S1,img122.png,173.86442196497188,424.4885712672647,232.40327625262523,449.4147930929752,219.18482528444542,473.9633448910234,200.67899392899366,497.7565566337469,182.5508326012043,509.0866574636155,250.90910760807688,476.60703508465946
labeled-data,S1,img132.png,170.0877216883491,431.6643017928482,239.20133675054623,461.122563950506,221.0731754227568,485.29344572089184,197.6576337076955,505.6876272146549,181.0401524905552,515.129377906212,265.63823868690577,493.602186329462
labeled-data,S1,img159.png,170.84306174367364,440.7283824567429,242.60036699950675,465.65460428245336,221.0731754227568,494.3575263847866,202.56734406730504,515.1293779062117,183.30617265652882,517.0177280445231,266.77124876989257,520.7944283211461
labeled-data,S1,img166.png,163.28966119042798,426.7545914332385,232.02560622496284,454.32450345258485,219.18482528444534,477.3623751399839,200.30132390133136,494.7351964124488,186.32753287782705,501.15558688270744,274.7023193508004,507.5759773529662
labeled-data,S1,img175.png,157.62461077549378,415.42449060337003,233.91395636327425,442.6167325950542,221.07317542275675,458.10120372920767,204.45569420561648,472.8303348080366,179.52947237990603,482.6497555272558,296.98485098287495,523.4381185147819
labeled-data,S1,img178.png,159.8906309414675,413.15847043739643,233.91395636327425,439.97304240141824,216.16346506314707,447.9041129823262,200.30132390133127,461.5002339781683,176.50811215860767,474.3410149186858,306.0489316467695,538.5449196212733
labeled-data,S1,img182.png,159.13529088614288,409.759440188436,229.38191603132682,439.59537237375605,214.27511492483572,444.5050827333656,195.76928356938404,454.3245034525849,170.8430617436736,465.65460428245325,312.5687013794472,569.6132756889042
labeled-data,S1,img250.png,144.97271231398065,402.01728662343766,202.94255784689886,409.4787518900509,194.3331748469605,418.08813488998925,179.9842031803966,433.5850242898783,171.9487790471208,450.22983142309243,,
labeled-data,S1,img272.png,153.78333270452922,403.9030882867117,210.81150688153346,408.43512861865906,201.74742621763872,418.63221936554055,187.3959651664721,439.0264008593037,174.9328542536169,450.73417171683434,,
labeled-data,S10,img017.png,,,201.62402664993147,362.40720018353113,186.21639228638438,369.1169764386242,176.2759830195798,387.00971311887247,168.32365560613616,402.41734748241953,269.2382970055048,494.1712094428065
labeled-data,S10,img033.png,,,243.94596349050096,333.71924547804997,229.5129068223202,344.42764236089374,211.82077284196959,363.05094128757855,204.37145327129565,380.74307526792916,271.88091188052823,496.67311108654235
labeled-data,S10,img041.png,203.44028832496144,335.5815753707184,275.13998919269807,342.09972999505806,259.77576757818304,363.51652376074566,232.30640166132292,384.4677350532661,201.1123759591258,406.81569376528796,279.33023145120217,492.48286882803825
labeled-data,S10,img045.png,230.90965424182156,359.7918639754087,310.9898396265664,372.36259075092096,296.5567829583856,405.88452881895375,264.8971747830214,436.1473895748166,226.71941198331746,443.59670914549054,271.4153294073611,496.20752861337525
labeled-data,S10,img051.png,271.8809118805283,393.3138020434414,362.2039116749498,410.0747710774577,352.4266797384402,450.11486376983015,332.40663339225404,478.04981215985737,292.3665406998816,477.5842296866903,271.88091188052823,495.7419461402081
labeled-data,S10,img078.png,236.03106144666,431.02598236997824,301.67819016322403,456.16743592100283,288.1762984413775,469.2037451696822,255.11994284651198,481.7744719451945,243.48038101733394,494.8107811938738,275.6055716658652,495.276363667041
labeled-data,S10,img086.png,202.0435409054601,441.26879677965485,260.2413500513503,458.96093076000545,246.73945832950378,479.91214205252595,230.44407176865454,501.3289358182135,216.94218004680803,510.6405852815559,273.7432417731968,499.0010234523779
labeled-data,S10,img096.png,191.33514402261633,428.69807000414266,254.1887779001777,441.26879677965485,236.9622263929942,458.4953482868383,222.06358725164634,475.7218997940218,205.7682006907971,489.68937398903546,273.7432417731968,498.5354409792107
labeled-data,S10,img098.png,186.67931929094513,425.9045751651399,252.32644800750913,440.33763183332064,239.29013875882978,454.7706885015014,220.20125735897773,473.8595699013534,206.69936563713122,487.3614616231999,271.8809118805282,496.2075286133752
labeled-data,S10,img120.png,169.9183502569287,431.95714731631244,234.6343140271585,424.5078277456385,222.99475219798046,446.3902039844933,210.88960789563535,467.8069977501808,198.7844635932902,485.4991317305314,270.4841644610269,498.5354409792108
labeled-data,S10,img136.png,184.35140692510944,401.69428656044965,269.08741704152555,394.24496698977566,257.44785521234746,404.48778139945233,242.08363359783246,421.24875043346873,228.58174187598595,443.59670914549054,272.34649435369533,494.8107811938739
labeled-data,S10,img141.png,222.52916972481336,391.91705462394015,307.2651798412294,382.1398226874306,299.35027779738834,396.10729688244425,279.3302314512021,409.60918860429075,257.91343768551457,432.8883122626468,275.139989192698,494.8107811938739
labeled-data,S10,img146.png,265.8283397293556,411.0059360237921,345.9085251141004,424.5078277456386,332.4066333922539,444.06229161865764,307.7307623143965,465.4790853843453,273.7432417731967,473.8595699013534,290.10606771411665,497.7154464858573
labeled-data,S10,img150.png,276.03620568377664,421.45014608545955,369.2275425600695,451.02286365420315,350.0922547214706,482.83217330797805,317.5374143726857,510.41680902336043,266.09579641697206,488.0508881730499,287.30037731279816,501.31991630777316
labeled-data,S10,img159.png,298.4594329939561,429.3676235985061,370.2167382497894,501.5025988820015,339.6254660091447,516.2317299608303,313.1885640727851,520.0084302374531,269.3788408639607,494.3268683564181,288.56965145390876,504.59728163987745
labeled-data,S10,img180.png,237.98231927028485,418.54762777784197,306.8573832697916,439.78410584435665,290.2125761365776,454.13307751092054,270.12401580338803,467.3341314441593,252.9052498035113,476.5174733107602,253.0004947600414,502.5281015630496
labeled-data,S10,img188.png,203.79032768680673,431.56745927614173,268.0407089838694,459.9679901393361,249.88299253035171,475.7977942270182,232.6564410231682,487.4373560561963,211.23964725748067,501.40483025120994,,
labeled-data,S10,img199.png,174.56068192502664,407.99024144007745,219.1257451891757,440.4698638190335,204.01894408268453,455.57666492552465,195.7102034741144,474.8378363363009,193.44418330814068,494.8543478024017,227.8956367700127,492.5255435729056
labeled-data,S10,img219.png,,,199.2081118566669,402.2211884534797,187.15497565675315,422.3097487866693,183.71122245677788,446.41602118649666,183.1372635901152,462.48686945304814,217.57373874658262,458.72596615659273
labeled-data,S10,img250.png,159.91284167976474,434.9492085220627,202.65660152702443,406.37053187999976,205.6387243070658,421.52965601187674,217.81572565890139,444.8896177888672,227.25911446236574,457.06661914070276,,
labeled-data,S2,img001.png,,,,,183.61178978580492,422.67733439872046,171.64243950547828,439.2064371667905,,,254.85792240679646,426.667117825496
labeled-data,S2,img011.png,,,,,182.47185166386905,399.30860289903524,170.5025013835424,412.9878603622656,161.3829964080555,434.0767156180791,258.27773677260404,429.5169631303356
labeled-data,S2,img013.png,,,,,182.47185166386905,397.0287266551635,173.35234668838208,410.7079841183939,164.23284171289518,428.37702500839976,261.69755113841165,427.8070559474319
labeled-data,S2,img020.png,,,217.80993344388085,371.95008797257447,198.43098537097117,375.369902338382,188.74151133451628,394.1788813503238,190.45141851742008,416.97764324547626,255.4278914677644,427.807055403867
labeled-data,S2,img027.png,,,229.77928372420743,351.431201234164,216.66999532194498,367.96030400223407,203.56070691968253,388.4791901970796,192.73129476129182,405.0082929651497,258.84770583357204,424.95721009902735
labeled-data,S2,img030.png,183.61178978580492,363.4005515144906,224.64956217549607,378.7897161606248,216.10002626097705,408.9980763919252,199.0009544319391,428.37702446483496,181.90188260290108,443.196220593566,261.69755113841165,427.807055403867
labeled-data,S2,img033.png,184.18175884677282,379.92965428256065,236.0489433948547,399.3086023554704,225.21953123646398,422.1073647941877,208.12045940742598,446.04606535484083,184.18175884677282,468.27485873259025,266.25730362615514,424.95721009902735
labeled-data,S2,img041.png,202.99073785871457,395.8887879896628,277.08671578454585,396.4587570506307,240.6086958825982,436.356591318386,209.83036659032982,464.85504436678264,,,265.11736550421926,419.257519489348
labeled-data,S2,img044.png,214.96008813904118,393.0389426848231,277.08671578454585,398.73863329450245,239.4687577606623,434.07671507451425,207.55049034645805,458.0154156351674,,,259.98764395550785,422.1073647941877
labeled-data,S2,img052.png,203.5607069196825,397.5986951725666,266.25730362615514,397.02872611159864,241.1786649435661,431.2268697696746,207.55049034645805,466.56495154968644,,,255.99786052873236,419.82748855031593
labeled-data,S2,img060.png,204.20147787894,406.1732662315079,250.43608330664802,389.9911543318101,232.4045871898419,429.75291499963896,211.13666869309623,463.5041769618658,,,253.21015963231048,415.8825333713266
labeled-data,S2,img064.png,199.11567128189216,414.49549520849536,246.7373148724314,387.6794240604247,225.93174242996275,431.1399531624702,209.749630530265,465.8159072332512,,,248.12435303526263,414.0331491542183
labeled-data,S2,img076.png,183.8582514907485,417.2695715341578,227.31878059279398,388.1417701147018,220.8459358329149,429.75291499963896,206.51320815032545,467.20294539608244,,,243.5008924924918,411.72141888283284
labeled-data,S2,img082.png,173.22429224237567,421.8930320769286,227.31878059279398,400.6251135801829,222.6953200500232,424.20476234831403,196.80394101050678,460.73010063620336,,,247.89503127942731,417.8715050809691
labeled-data,S2,img091.png,,,210.87017973739648,414.87060745345866,202.50517777294016,434.1744581406655,190.27940567104247,457.9825406548873,,,,
labeled-data,S2,img096.png,,,207.00940959995506,410.3663756264437,197.35748425635165,429.02676462407703,196.0705608772045,454.7652322070195,,,,
labeled-data,S2,img104.png,,,205.07902453123438,399.42752690369315,200.57479270421948,415.5140691430322,196.7140225667781,436.74830489895976,,,,
labeled-data,S2,img113.png,,,210.87017973739648,387.2017548017955,212.15710311654357,410.3663756264437,201.86171608336662,430.9571496927977,,,,
labeled-data,S2,img118.png,,,212.80056480611717,392.34944831838396,203.7921011520873,409.0794522472966,203.7921011520873,434.8179198302391,,,,
labeled-data,S2,img127.png,,,214.08748818526425,387.2017548017955,208.29633297910217,403.2882970411345,197.35748425635163,428.38330293450343,,,,
labeled-data,S3,img011.png,,,,,,,175.0373724277638,398.804938397973,169.87174262780078,417.17162213117484,254.8176548938592,428.650799464426
labeled-data,S3,img029.png,179.0550844944017,389.6215965313721,219.80616402744326,421.18933419781274,198.56968596092864,434.39038813105157,184.22071429436474,472.2716733307803,167.57590716115058,494.0821102639575,254.24369602719662,426.9289228644383
labeled-data,S3,img043.png,188.23842636100255,412.0059923312118,244.48639529393313,436.68622359770177,223.2499172274185,454.478948464241,197.99572709426604,497.52586346393275,,,268.01870882709795,422.9112107978004
labeled-data,S3,img054.png,177.90716676107658,406.8403625312488,233.00721796068203,426.35496399777577,218.08428742745556,446.44352433096526,197.4217682276035,482.0289740640438,,,261.70516129380985,422.9112107978004
labeled-data,S3,img060.png,168.1498660278131,412.0059923312118,224.97179382740617,418.89349873116254,210.0488632941797,442.9997711309899,195.12593276095325,471.6977144641177,199.07337229089418,514.724939991716,257.450708372216,419.22812130406373
labeled-data,S3,img073.png,168.3312457270609,431.1652236400203,227.19914765780555,422.171516400601,207.24946978127542,464.360179450968,197.60167474262562,489.86960362095743,196.94758694339512,516.1966375399849,280.9978691445139,388.97656058965333
labeled-data,S3,img084.png,167.1865920784075,428.3853504932907,225.8909720593446,423.9702578484847,202.1802893372391,461.9073502038535,195.1488454955112,494.7752621151859,,,314.5198688550769,488.5614280224961
labeled-data,S3,img099.png,170.29350912475235,423.9702578484846,224.41927451107594,419.88220910329403,201.36267958820093,450.9513795667426,192.04192844916636,479.7312427328845,,,,
labeled-data,S3,img102.png,,,201.21825439379302,409.72291393687016,185.77517384402756,425.1659944866356,171.6190166734092,443.82638348426894,,,,
labeled-data,S3,img114.png,194.78363749805746,398.14060352454607,275.2163486947527,402.00137366198743,257.19942138669296,416.80099252217934,224.38287521844128,451.5479237591517,195.427099187631,486.93831668569754,,
labeled-data,S3,img121.png,216.6613349435585,397.49714183497247,286.15519741750313,418.0879159013264,273.28596362603196,435.4613815198126,225.0263369080148,447.0436919321367,206.36594791038152,461.1998491027551,,
labeled-data,S3,img144.png,198.0009459459252,403.2882970411345,260.4167298345607,405.2186821098552,246.26057266394236,420.0183009700471,220.52210508099992,453.47830882787235,202.5051777729402,470.20831275678495,,
labeled-data,S3,img154.png,181.2709420170126,411.65329900559084,248.19095773266304,405.86214379942874,241.7563408369274,421.9486860387678,226.31326028716194,454.76523220701944,204.43556284166084,479.86023810038836,,
labeled-data,S3,img170.png,189.63594398146893,411.00983731601724,245.61711097436879,408.435990557723,237.89557069948606,425.1659944866356,218.59172001227918,450.2610003800046,203.14863946251373,477.92985303166773,,
labeled-data,S3,img229.png,172.9059400525563,421.3052243491943,230.17403042460333,407.7925288681495,234.0348005620447,429.02676462407703,210.87017973739646,454.7652322070195,205.0790245312344,491.4425485127125,,
labeled-data,S3,img290.png,161.96709132980575,427.7398412449299,,,212.1571031165436,426.4529178657828,195.42709918763094,465.70408092977004,,,,
labeled-data,S3,img319.png,,,190.92286736061604,418.7313775909,187.70555891274822,437.39176658853336,178.69709525871835,455.4086938965931,,,,
labeled-data,S3,img348.png,,,181.27094201701263,393.6363716975311,183.2013270857333,416.1575308326058,181.27094201701263,438.0352282781069,176.76671018999767,457.9825406548873,,
labeled-data,S3,img359.png,,,175.47978681085053,398.7840652141196,174.83632512127699,417.44445421175294,175.47978681085053,441.89599841554826,,,,
labeled-data,S3,img368.png,,,174.19286343170344,411.0098373160173,178.69709525871835,434.8179198302391,185.131712154454,452.19138544872527,,,,
labeled-data,S4,img003.png,,,,,,,,,,,286.20042039063264,480.69499816121265
labeled-data,S4,img013.png,,,218.27440644284073,368.19253890975097,203.41559089176124,376.68329065322496,189.26433798597125,395.07991943075194,187.84921269539225,417.7219240800159,289.03067097179064,475.7420609937549
labeled-data,S4,img015.png,,,221.81221966928823,369.60766420032996,210.49121734465623,383.05135446083045,196.33996443886625,397.91017001190994,202.00046560118224,422.6748625970424,293.98360948881714,478.5723115749129
labeled-data,S4,img022.png,189.26433798597125,375.97572800793546,244.4542243185522,376.68329065322496,231.01053405805172,402.15554588364694,220.39709437870923,430.4580516952269,205.53827882762968,450.2698057633329,290.44579626236964,475.0344983484654
labeled-data,S4,img025.png,219.8911734428489,392.98180645517954,276.80534600703754,397.90031519529464,268.3736167382689,432.3298763761001,241.67314072050138,468.1647257683671,224.10703807723328,481.51496377725084,290.85822812165213,482.92025198871227
labeled-data,S4,img026.png,236.05198787465557,389.4685859265259,304.9111102362666,397.90031519529464,284.53443117007566,437.95102922194593,252.2128023064623,464.65150523971346,229.02554681734838,475.1911668256743,292.26351633311356,479.40703146005865
labeled-data,S4,img034.png,243.78107303769357,410.54790909844763,325.28778930245755,446.3827584907146,297.88466917895937,467.4620816626363,252.91544641219295,494.86520178613455,,,285.14669918845453,488.3470941997736
labeled-data,S4,img038.png,239.39649587148244,414.64454932846286,301.7630874066069,451.0250610572855,289.6362501636661,471.8139249023269,257.5867517358938,490.87038342694837,,,281.9212461143652,488.8053125170631
labeled-data,S4,img041.png,239.52667533879514,416.33286499372207,295.73820379725316,447.24920564587393,277.4694570482543,465.5179523948728,253.57955745340962,495.02900483556317,,,275.4123974375342,488.14932862928964
labeled-data,S4,img055.png,221.56407035175883,423.6530272610164,271.153207724535,437.03905207329956,261.4179169519654,460.7688233314378,247.42343646639668,494.5381131987884,,,285.6483987378134,457.4796694249909
labeled-data,S4,img065.png,214.25262613697305,429.7683933206089,260.024885510404,435.31654597193386,249.3909262620311,465.83138555422113,242.45573544787493,498.1956093536167,,,274.2211728733269,453.50311698043583
labeled-data,S4,img074.png,206.64683334403475,432.97832868075795,245.9746985508221,435.2582049246297,244.83476042888623,464.32662703399427,239.13506981920688,500.234677874974,,,269.4824635414991,452.2495309079561
labeled-data,S4,img078.png,201.69133085399812,428.85043629572783,241.58916512175335,437.96994127121474,237.59938169497786,467.0383633805793,235.31950545110612,498.38666173381563,,,267.2553766927521,453.26300126506726
labeled-data,S4,img085.png,,,215.50902275572008,437.14860349975226,215.046676701443,461.65294437643746,210.867312164319,490.4674475499191,,,248.06585822232972,454.15845435032975
labeled-data,S4,img092.png,,,206.00086608939927,429.4846052609283,208.22191093211933,457.8646226956845,199.83427005216038,482.9175323218357,,,230.32055484793017,447.3862062761204
labeled-data,S4,img093.png,,,206.26475429036293,423.32609602189643,203.49067796470047,454.76562771273785,203.49067796470047,481.1193528065314,,,227.99501884138567,443.66932241008794
labeled-data,S4,img097.png,,,198.40487136765256,414.5415209906319,196.09314109626717,439.50820792159425,194.24375687915887,472.3347777752669,,,217.55880008054203,430.15698449109226
labeled-data,S4,img102.png,,,181.57905436690214,405.3156982793266,176.3818384056417,430.4355754254184,180.71285170669205,456.42165523172025,,,199.86733537067306,419.86569362627233
labeled-data,S4,img114.png,,,158.687888797502,398.0665408993484,166.09748659008523,419.72536521612994,177.4968678094438,446.5139110816227,,,182.39281901096274,405.92885868236783
labeled-data,S4,img125.png,,,160.86343537744295,372.2938133826347,162.00337349937882,390.5328233336085,169.41297129196192,414.47152389426174,,,181.39612222774642,397.7880357864864
labeled-data,S5,img005.png,,,226.51507897828222,377.4662652894933,213.3140250450434,390.0933603560695,199.53901224514206,406.7381674892837,213.3140250450434,423.9569334891604,281.61513017788764,479.6309435554284
labeled-data,S5,img026.png,184.6160817119156,329.8276793565011,229.384873311595,321.7922552232253,220.20153144499412,343.60269215640244,208.722354111743,370.57875888954254,208.14839524508042,395.83294902269506,279.8932535779,480.204902422091
labeled-data,S5,img031.png,199.53901224514203,325.8099672898632,259.8046932447105,309.7391190233116,256.3609400447351,340.7328978230897,241.43800951150868,380.33605962280603,225.3671612449571,403.2944142893083,283.33700677787533,481.35282015541605
labeled-data,S5,img035.png,242.5859272448338,337.86310348977685,322.3662097109292,316.6266254232622,317.7745387776288,360.24749928961654,289.65055431116343,408.4600440892713,256.9348989113977,413.62567388923435,283.33700677787533,480.7788612887535
labeled-data,S5,img044.png,279.89325357789994,375.170429822843,358.5256183106703,362.5433347562668,363.11728924397073,406.7381674892837,342.45477004411873,438.3059051557243,304.5734848443899,442.89757608902477,287.92867771117574,479.0569846887658
labeled-data,S5,img055.png,251.19531024477217,341.88081555641475,326.38392177756714,344.176651023065,322.3662097109292,363.1172936229293,313.18286784432814,383.77981282278137,294.24222524446384,401.5725376893206,286.7807599778506,484.7965733553914
labeled-data,S5,img077.png,256.3609400447351,396.4069078893576,316.62662104430365,415.347550489222,303.42556711106477,431.4183987557736,283.9109656445379,452.6548768222882,,,278.17137697791236,479.63094355542836
labeled-data,S5,img087.png,217.3317371116813,386.0756482894316,278.17137697791236,395.2589901560325,262.6744875780232,411.3298384225841,245.45572157814658,441.1756994890371,,,254.06510457808494,468.7257250888398
labeled-data,S5,img092.png,209.87027184506806,389.51940148940696,263.82240531134835,397.55482562268276,244.30780384482145,421.0871391558476,230.53279104492012,444.6194526890124,,,247.17759817813422,476.7611492221156
labeled-data,S5,img103.png,202.40880657845483,406.7381674892836,253.49114571142238,429.69652215578594,232.82862651157032,442.8975760890247,222.49736691164432,467.57780735551466,,,223.07132577830683,557.6893494215361
labeled-data,S5,img125.png,284.48492451120046,394.68503128936993,398.7027389770493,434.86215195574897,364.8391658439584,471.59551942215256,317.7745387776288,492.2580386220046,265.54428191133604,472.1694782888151,,
labeled-data,S5,img155.png,222.49736691164432,383.77981282278137,285.6328422445256,387.2235660227567,271.85782944462414,405.016290889296,257.50885777806025,425.67881008914804,243.73384497815888,444.04549382234984,,
labeled-data,S5,img163.png,256.9348989113977,358.5256226896289,331.5495515775301,347.6204042230403,333.2714281775178,370.00480002288003,313.7568267109908,392.3891958227197,281.61513017788764,418.7913036891973,,
labeled-data,S5,img176.png,310.887032377678,431.4183987557736,377.46626091053463,489.96220315535436,354.50790624403237,508.3288868885562,317.7745387776288,514.6424344218443,266.1182407779986,478.48302582210323,,
labeled-data,S5,img197.png,236.27237971154565,415.92150935588455,302.27764937773964,427.4006866891357,283.9109656445379,441.74965835569964,259.8046932447105,457.24654775558867,240.86405064484612,471.02156055549,,
labeled-data,S5,img201.png,227.08903784494473,413.0517150225718,289.07659544450087,433.1402753557613,274.72762377793697,450.9330002223005,252.34322797809725,465.28197188886446,233.97654424489545,475.61323148879046,,
labeled-data,S5,img233.png,289.65055431116343,448.6371647556503,386.64960277713556,482.5007378887412,368.2829190439337,519.8080642218074,316.0526621776411,543.3403777549722,266.1182407779986,522.1038996884575,,
labeled-data,S5,img270.png,265.5442819113361,436.5840285557366,324.66204517757944,461.26425982222656,308.59119691102785,480.2049024220909,292.52034864447626,504.88513368858094,269.561993977974,505.4590925552435,,
labeled-data,S5,img301.png,233.9765442448955,418.7913036891974,297.1120195777768,440.027781755712,287.3547188445133,459.54238322223887,271.85782944462426,471.59551942215256,237.99425631153335,483.0746967554037,,
labeled-data,S5,img315.png,,,201.2608888451297,394.1110724227074,190.35567037854113,406.1642086226211,176.00669871197724,423.3829746224978,160.5098093120882,437.73194628906174,,
labeled-data,S6,img008.png,,,168.54523344536395,350.49019636687376,159.9358504454256,367.1350035000879,159.9358504454256,387.2235638332774,,,294.8161841111264,491.1101186992002
labeled-data,S6,img013.png,,,209.87027184506806,346.47248430023586,196.66921791182924,359.0995793668121,185.76399944524067,375.1704276333637,,,290.79847204448856,489.3882420992125
labeled-data,S6,img019.png,190.35567037854113,383.2058517666395,234.55050311155802,386.0756460999523,221.92340804498176,401.5725354998413,212.74006617838083,423.3829724330185,207.0004775117553,469.8736406326856,295.39014297778897,494.55387189917553
labeled-data,S6,img026.png,244.30780384482145,387.79752269994,326.383921777567,374.59646876670115,317.2005799109662,427.4006844996564,289.65055431116343,466.42988743271025,262.10052871136077,475.6132292993112,281.0826970731717,500.11000491059497
labeled-data,S6,img029.png,253.498061357789,398.71783038918835,326.56006946880257,387.5348699640332,318.6077420553589,431.02416050630325,295.74480074170845,471.53132826853187,261.69889900290275,469.0462259518307,282.57375846319235,499.61298444725475
labeled-data,S6,img033.png,262.4444296979131,408.65823965599293,343.21025499070026,412.63440336271475,330.53623317552444,455.8751836733146,299.22394398509005,477.9925942919548,261.2018785395626,474.26494081690305,283.5677993898728,496.1338412038731
labeled-data,S6,img040.png,242.31510093263384,410.1493010460136,294.50224958335787,411.88887266770445,283.8163096215429,435.9943651397055,275.366961744759,456.8692245999951,255.23763297947977,471.2828180368617,283.07077892653257,487.43598309541915
labeled-data,S6,img043.png,226.65895633741667,403.6880350225906,267.6631445629855,401.45144293755965,263.93549108793377,431.52118096964347,252.50402043110853,448.41987672321125,243.3091418593143,466.5611236351295,272.38483896471763,478.48961475529507
labeled-data,S6,img048.png,208.76621965716845,393.00209506077573,247.03679533436602,407.16717826597227,233.12022236083962,428.78756842127217,230.8836302758086,461.5909190017272,,,266.17208317296485,488.6785342537696
labeled-data,S6,img052.png,194.1041159886317,386.29231880568256,235.60532467754075,401.2029327058894,217.46407776562245,424.56289448288015,211.9968526688799,452.39604042993295,230.13809958079827,471.28281803686167,257.2257148328407,503.3406379223063
labeled-data,S6,img055.png,,,222.59501700795806,399.40977390360746,213.74895001778276,421.75773261562915,206.29963044710883,443.6401088544837,219.80152216895533,464.5913201470041,249.13321797848394,531.1696138099024
labeled-data,S6,img058.png,,,223.06059948112517,406.8590934742811,208.62754281294443,426.41355734730024,200.71264076910336,448.2959335861548,219.80152216895533,468.31597993234095,241.21831593464293,526.0482066050641
labeled-data,S6,img059.png,,,219.80152216895533,405.9279285279469,209.09312528611156,427.34472229363445,198.8503108764349,453.88292326416035,216.5424448567855,471.10947477134386,238.8904035688073,528.3761189708996
labeled-data,S6,img064.png,,,223.99176442745943,403.13443368894394,214.680114964117,423.15448003513023,203.040553134939,443.1745263813164,219.33593969578823,463.19457272750265,208.62754281294445,523.2547117660615
labeled-data,S6,img066.png,,,231.9066664713005,405.92792852794713,220.26710464212246,423.62006250829774,211.42103765194716,447.36476863982085,218.87035722262112,461.7978253080012,196.05681603743218,526.5137890782311
labeled-data,S6,img073.png,,,238.42482109564023,407.32467594744804,216.54244485678552,419.8954027229604,210.02429023244582,444.57127380081783,,,,
labeled-data,S6,img074.png,,,237.493656149306,406.3935110011138,216.54244485678552,419.8954027229604,217.0080273299526,443.1745263813166,227.0580488050127,458.1398398692691,,
labeled-data,S6,img089.png,,,249.48263855084892,404.8762414921777,229.83972948758046,417.8561824497931,220.03820615919227,436.1222752968065,233.44974413714783,453.3740337598663,,
labeled-data,S6,img093.png,,,250.93419925692575,406.2934326259998,238.1184479002447,416.32315107905436,224.46688667247568,437.4970011466145,236.3357467829988,454.0833028363701,,
labeled-data,S6,img105.png,254.62681225885035,417.20375618587263,246.89400409019765,431.03358617980916,239.4586116203393,449.62206735445506,,,,,,
labeled-data,S7,img001.png,,,203.5786747460805,357.17454605436546,188.91657107754378,363.8843223094585,170.0297934706151,378.7949362096654,174.25446740900705,399.4212854382849,266.85134673029637,536.4848667828619
labeled-data,S7,img008.png,,,205.3182463677713,351.45881072595284,198.3599598810081,364.13283254112866,183.69785621247138,383.26812037972746,183.69785621247138,403.64595937667684,267.4948084198699,531.3371732662733
labeled-data,S7,img011.png,,,209.58325635824934,378.8367528373392,194.78363749805737,396.2102184558254,183.20132708573328,412.2967606951644,178.69709525871838,432.2440730719448,268.13827010944345,525.5460180601112
labeled-data,S7,img016.png,170.33209329426205,398.140603524546,203.79210115208724,412.9402223847379,199.93133101464588,441.25253672597466,185.77517384402756,472.78215951507923,165.82786146724715,490.7990868231389,269.4251934885906,523.6156329913906
labeled-data,S7,img018.png,184.48825046488042,417.44445421175294,237.2521090099125,437.39176658853336,223.73941352886766,465.70408092977004,200.57479270421948,497.2337037188746,174.19286343170342,508.1725524416251,271.3555785573113,522.3287096122434
labeled-data,S7,img020.png,207.00940959995506,438.0352282781069,277.1467337634733,452.19138544872527,257.84288307626645,492.72947189185965,225.66979859758834,531.3371732662733,194.78363749805737,522.3287096122435,268.781731799017,525.5460180601112
labeled-data,S7,img023.png,247.5474960430895,450.26100038000453,316.3978968274606,455.40869389659304,291.3028909340917,491.4425485127125,241.11287914735385,519.1114011643756,,,274.5728870051791,521.0417862330964
labeled-data,S7,img027.png,241.11287914735385,449.617538690431,319.61520527532844,481.79062316910904,286.1551974175032,506.88562906247796,244.33018759522167,523.6156329913906,,,270.9466482149094,520.37850422531
labeled-data,S7,img034.png,224.63033933623927,440.76174144257214,280.61150632913916,472.93482592125025,261.3076556419323,489.66482985016285,231.06495623197486,521.1944526392674,,,262.0208826049097,515.0103495899725
labeled-data,S7,img037.png,223.5590109792223,444.63561210870927,269.5671648763232,459.7072487301734,256.0820163202764,485.0910577768498,228.31847517547413,521.580283281447,,,258.0663294158456,510.96730695627684
labeled-data,S7,img047.png,202.98051586628407,443.4352519407443,260.88733025401456,460.88662066033436,251.3684018615109,479.1312334126331,225.19134878212589,515.6204589172303,,,246.58449249996602,501.0249819891422
labeled-data,S7,img052.png,196.44000570582665,444.69829819298565,246.24103711096507,455.34541525201524,236.62428621893832,475.6092832030715,221.16879371389535,513.0459206041756,,,242.1195724429536,497.24697271013173
labeled-data,S7,img062.png,189.2274425368066,445.7286643599885,236.28083082993737,456.03232603001715,227.35099071591253,475.2658278140706,215.33005210087913,509.95482210316686,,,239.02847394194507,496.9035173211308
labeled-data,S7,img069.png,182.3583347567875,444.6982981929856,234.90700927393354,453.2846829180095,236.2808308299374,472.86164009106386,217.73423982388582,509.954822103167,,,237.6546523859412,498.2773388771345
labeled-data,S7,img080.png,181.67142397878558,448.1328520829951,231.12899999492313,455.00195986301424,226.66407993791074,472.8616400910638,218.76460599088875,513.3893759931767,,,239.37192933094605,497.24697271013184
labeled-data,S7,img092.png,182.35833475678754,436.79882424596383,230.09863382792022,453.2846829180096,226.3206245489098,473.205095480065,216.01696287888115,508.2375451581624,,,237.31119699694034,495.873151154128
labeled-data,S7,img097.png,,,214.2996859338763,434.73809191195807,216.01696287888106,457.0626921970198,215.3300521008792,490.0344095411117,,,252.51535861263048,474.978862553823
labeled-data,S7,img102.png,,,211.35723467978755,425.5079060112547,214.62880736652522,446.6244206256524,215.37234661351104,474.8789120111139,,,242.59935952485614,460.0892109607139
labeled-data,S7,img109.png,,,204.9180595046588,407.30957623087033,207.4254891179225,427.9262197177052,207.70409240828513,456.06515204433106,232.22118196019676,469.71671327210004,,
labeled-data,S7,img118.png,193.21672130942824,397.2798577778156,192.659514728703,415.11046836102406,199.90320027813144,444.6424171394631,,,,,,
labeled-data,S8,img003.png,,,215.29140628132865,391.25447827361313,205.34300707478997,403.8557839352287,194.46609060897438,419.37528669742903,193.80286399520514,436.08859736441394,271.70824253519464,503.6017239835712
labeled-data,S8,img017.png,,,212.92653975304185,345.18526970314144,204.3171567531035,356.66444703639263,192.2640205531898,375.0311307695944,190.54214395320216,392.82385563613366,268.0265909526473,504.74583463533224
labeled-data,S8,img029.png,203.74319788644098,372.16133643628166,271.47034415262254,366.42174776965606,265.7307554859971,387.6582258361707,249.085948352783,418.0780457692862,231.2932234862437,442.75827703577613,271.4703441526227,501.8760403020195
labeled-data,S8,img039.png,264.0088788860094,393.3978145027962,347.23291455208005,378.4748839695699,350.67666775205544,423.8176344359118,332.3099840188536,469.1603849022538,289.8370278858244,469.1603849022538,269.7484675526349,499.58020483536933
labeled-data,S8,img045.png,264.0088788860093,414.06033370264834,344.36312021876734,406.02490956937254,344.36312021876734,439.3145238358008,335.17977835216647,464.5687139689533,299.0203697524254,477.1958090355295,268.60054981930983,499.0062459687067
labeled-data,S8,img057.png,260.56512568603404,422.09575783592413,342.6412436187797,431.279099702525,341.49332588545457,462.2728785023031,327.14435421889056,482.9353977021553,292.1328633524746,493.84061616874385,268.6005498193098,500.7281225686945
labeled-data,S8,img084.png,189.9681850865395,424.39159330257445,251.38178381943305,422.0957578359242,245.06823628614495,442.75827703577625,243.92031855281982,469.7343437689164,,,271.92912114967675,504.1707038643874
labeled-data,S8,img107.png,,,230.4922810378029,403.6048896602893,227.23320372563308,421.762606113807,226.30203877929887,445.5073122453302,220.7150491012934,466.4585235378506,271.4635386765096,502.7739564448862
labeled-data,S8,img116.png,,,228.16436867196734,399.41464740178526,223.97412641346324,420.36585869430576,218.38713673545777,442.7138174063275,219.78388415495914,461.8026988061795,270.0667912570082,504.6362863375547
labeled-data,S8,img154.png,,,215.12805942328794,391.4997453579442,215.12805942328794,411.0542092309633,205.81640995994547,434.79891536248647,205.81640995994547,453.42221428917117,272.3947036228438,506.9641987033901
labeled-data,S8,img165.png,,,231.88902845730422,355.64989492407574,230.49228103780285,372.41086395809214,221.64621404762755,393.3620752506125,216.99038931595635,415.7100339626344,268.20446136433975,502.3083739717189
labeled-data,S8,img180.png,257.9616469546631,392.8964927774455,345.956734383249,407.7951319187934,330.59251276873397,440.851487513659,302.1919819055396,471.1143482695219,254.70256964249327,456.215709128174,270.53237373017544,508.36094612289156
labeled-data,S8,img191.png,245.39092017915087,427.3495957918125,314.7627086810519,452.491049342837,301.26081695920533,476.2357554743602,294.2770798616985,497.65254924004785,,,264.94538405216986,501.84279149855183
labeled-data,S8,img213.png,246.78766759865215,427.81517826497964,326.86785298339703,432.4710029966509,330.59251276873397,461.8026988061796,311.503631368882,483.21949257186714,291.6571557761615,503.5135335851708,269.48270615374963,503.1103617738542
labeled-data,S8,img231.png,225.73856462590072,429.9346780198953,291.8587416818198,440.4171451141264,287.22226585167914,465.4137974157541,270.49063568204105,479.7263967174928,245.09081156909653,489.604106094749,268.8779484367747,504.5214631134624
labeled-data,S8,img233.png,217.47354249391083,423.6855149444882,283.19054773851326,437.1917706235936,270.69222158769935,457.5519470950809,261.0160981161014,478.7184671892013,239.2448203050061,490.00727790606555,267.2652611915084,502.5056040568794
labeled-data,S8,img253.png,208.40217673928774,416.02525052947306,264.0398867009758,430.33784983121166,249.72728739923718,448.07740952914116,237.83371896539808,465.8169692270707,222.91636194668462,477.7105376609098,265.65257394624206,496.65961279278895
labeled-data,S8,img276.png,208.40217673928774,411.18718879367407,265.45098804058375,437.3933565292518,247.91301424831255,450.093268585724,231.1813840786745,459.7693920573219,214.65133981469472,469.64710143457813,266.2573316632169,501.69926043424624
labeled-data,S8,img304.png,,,244.48605385212161,409.37291564274943,229.97186864472474,419.25062502000566,212.83706666377012,427.11247534067894,198.52446736203154,437.3933565292518,265.2494021349255,500.892916811613
labeled-data,S8,img312.png,,,238.23689077671463,391.4317700391617,226.34332234287552,401.71265122773445,211.22437941850382,407.7602283974832,196.50860830544866,419.8553827369806,266.86208938019183,496.45802688713076
labeled-data,S9,img005.png,,,200.99230751263042,400.67597995898785,193.33204309761538,412.36796248716865,182.24481828640947,424.8662886379826,,,276.78860804014744,492.1959811278515
labeled-data,S9,img009.png,,,,,,,,,,,275.9915657747155,493.65484829175426
labeled-data,S9,img017.png,,,236.7778150775363,339.250704921611,220.2345140021638,347.2159980319755,203.38485549946958,361.9211545434177,198.17677923500048,379.99624275539867,275.37885092007207,491.20398887318055
labeled-data,S9,img025.png,186.2288395694537,347.52235545929716,251.48297158897853,327.9154801107076,238.92231706878826,345.0714960407235,227.5870922578849,368.66101794449537,219.6217991475204,390.1060378570153,276.2979232020372,493.65484829175426
labeled-data,S9,img028.png,207.36750205465188,343.8460663314366,286.101360876332,340.7824920582196,282.7314291757932,361.30843968877434,260.36733698130814,394.70139926684107,235.24602794092775,416.45277660668256,273.8470637834635,489.36584430924995
labeled-data,S9,img032.png,259.44826469934304,373.56273678164246,347.9855611953179,376.62631105485957,335.7312641024495,412.7764874788217,258.5291924173779,449.84573618474855,273.5407063561418,488.75312945460604,,
labeled-data,S9,img038.png,294.9857262686617,411.2447003422127,390.2628861657144,441.57408564706213,359.93350086086485,474.3543303704854,320.4133927363639,485.9959126087105,258.5291924173779,456.5855995858262,276.9106380566806,488.4467720272846
labeled-data,S9,img044.png,264.9626983911338,415.53370432471706,317.96253331779013,439.7359410831324,298.6620153965223,455.9728847311832,282.1187143211498,467.92082439673004,237.08417250485803,472.82254323387747,267.4135578097075,482.0132660535287
labeled-data,S9,img046.png,249.3384695977265,411.24470034221304,309.07816792546043,436.6723668099152,288.8585777222274,449.53937875742713,273.84706378346345,469.1462541060168,234.93967051360602,477.1115472163814,258.2228349900562,479.8687640622768
labeled-data,S9,img056.png,,,236.16510022289287,426.2562142809771,220.5408714294855,446.47580448421013,205.83571491804332,462.4063907049392,191.74327326124452,494.26756314639795,220.67234780502872,487.8284436591031
labeled-data,S9,img060.png,,,211.50946513022825,437.148002422634,192.82166206360375,458.2866649078321,177.50379069751813,476.9744679744566,172.295714433049,503.93392157876735,199.56152546468144,495.04955618643777
labeled-data,S9,img072.png,,,187.61358579913463,407.12497454510617,176.58471841555297,419.99198649261814,162.1859193314325,443.8878658237117,160.34777476750222,480.6507571023172,182.40550953466555,462.88202631765796
labeled-data,S9,img076.png,,,193.12801949092545,398.5469665800982,183.01822438930895,415.0902676554707,174.1338589969793,437.7607172772774,165.55585103197134,476.9744679744568,190.06444521770834,457.67395005318883
labeled-data,S9,img096.png,,,192.82166206360375,382.0036655047258,193.12801949092545,396.40246458884627,194.0470917728906,414.78391022814907,174.1338589969793,465.02652830890963,198.64245318271634,441.13064897781607
labeled-data,S9,img103.png,,,187.00087094449123,377.7146615222215,194.96616405485577,391.5007457516988,198.02973832807288,408.04404682707127,180.87372239805694,459.81845204444073,201.70602745593345,436.5352875679905
labeled-data,S9,img137.png,,,169.53849758715364,376.1828743856131,183.32458181663074,385.3735972052645,192.20894720896038,403.75504284456713,190.67716007235182,453.69130349800645,202.31874231057688,426.425492466374
labeled-data,S9,img154.png,,,133.38832116319156,390.27531604241176,151.76976680249427,397.3215368708112,162.49227675875423,408.9631191090363,174.1338589969793,450.62772922478916,177.5037906975182,429.48906673959107
labeled-data,S9,img159.png,,,128.79295975336586,399.46603886206333,138.29004000033896,408.9631191090363,152.99519651178116,420.9110587745832,173.8275015696576,455.22309063461506,164.33042132268451,440.5179341231726
labeled-data,S9,img168.png,,,122.35945377960985,419.9919864926179,134.9201082998001,429.79542416691265,147.1744053926686,445.7260103876419,,,172.60207186037078,452.7722312160413
labeled-data,S9,img179.png,,,116.53866266049732,417.23476964672255,128.1802448987224,423.9746330478003,138.59639742766063,439.9052192685293,,,159.5536385003269,445.2194457638318
